[
  {
    "id": "fbb73224-71df-4a5c-b05f-4a975427bbc8",
    "data": [
      {
        "text": "Je veux des informations sur",
        "userDefined": false
      }
    ],
    "isTemplate": false,
    "count": 0,
    "updated": 0
  },
  {
    "id": "797e12ee-20eb-4c73-ba8e-1fef9764798e",
    "data": [
      {
        "text": "Je veux des infos sur",
        "userDefined": false
      }
    ],
    "isTemplate": false,
    "count": 0,
    "updated": 0
  },
  {
    "id": "92cd5efc-ed66-4eca-a726-76bd370618ee",
    "data": [
      {
        "text": "Donne-moi des infos sur",
        "userDefined": false
      }
    ],
    "isTemplate": false,
    "count": 0,
    "updated": 0
  },
  {
    "id": "ca8230f1-0da5-4eed-ab36-f20f8292de2f",
    "data": [
      {
        "text": "Donne-moi des informations sur",
        "userDefined": false
      }
    ],
    "isTemplate": false,
    "count": 1,
    "updated": 0
  },
  {
    "id": "d9e0640e-9afe-401e-8f53-c67ef96de5e4",
    "data": [
      {
        "text": "Infos sur",
        "userDefined": false
      }
    ],
    "isTemplate": false,
    "count": 0,
    "updated": 0
  },
  {
    "id": "600968d0-1450-4525-abce-f7a1033dafc2",
    "data": [
      {
        "text": "Informations sur",
        "userDefined": false
      }
    ],
    "isTemplate": false,
    "count": 0,
    "updated": 0
  }
]