[
  {
    "id": "000bf9fa-2ad3-4d44-9314-435c96ac23b5",
    "data": [
      {
        "text": "Fiche technique de ",
        "userDefined": false
      },
      {
        "text": "Harden James",
        "alias": "players",
        "meta": "@players",
        "userDefined": false
      }
    ],
    "isTemplate": false,
    "count": 0,
    "updated": 0
  },
  {
    "id": "b72766ce-efd8-444e-8b09-6dfac63e2846",
    "data": [
      {
        "text": "Fiche technique de ",
        "userDefined": false
      },
      {
        "text": "Harden",
        "alias": "players",
        "meta": "@players",
        "userDefined": false
      }
    ],
    "isTemplate": false,
    "count": 0,
    "updated": 0
  },
  {
    "id": "3076b625-5fb8-45d6-831b-64d3e79878e2",
    "data": [
      {
        "text": "Affiche-moi la fiche technique de ",
        "userDefined": false
      },
      {
        "text": "Harden James",
        "alias": "players",
        "meta": "@players",
        "userDefined": false
      }
    ],
    "isTemplate": false,
    "count": 0,
    "updated": 0
  },
  {
    "id": "87553d9a-7335-4b29-bf1f-cc043c9ca454",
    "data": [
      {
        "text": "Affiche-moi la fiche technique de ",
        "userDefined": false
      },
      {
        "text": "Harden",
        "alias": "players",
        "meta": "@players",
        "userDefined": false
      }
    ],
    "isTemplate": false,
    "count": 0,
    "updated": 0
  },
  {
    "id": "f508701a-0554-4110-94b9-92e1635693b1",
    "data": [
      {
        "text": "Informations sur ",
        "userDefined": false
      },
      {
        "text": "Harden James",
        "alias": "players",
        "meta": "@players",
        "userDefined": false
      }
    ],
    "isTemplate": false,
    "count": 0,
    "updated": 0
  },
  {
    "id": "813a04a0-4c97-446f-bdaa-bdd6bcb0e776",
    "data": [
      {
        "text": "Infos sur ",
        "userDefined": false
      },
      {
        "text": "Harden James",
        "alias": "players",
        "meta": "@players",
        "userDefined": false
      }
    ],
    "isTemplate": false,
    "count": 0,
    "updated": 0
  },
  {
    "id": "56d93133-c4c7-48ae-9e2c-b72ee5856016",
    "data": [
      {
        "text": "Informations sur ",
        "userDefined": false
      },
      {
        "text": "Harden",
        "alias": "players",
        "meta": "@players",
        "userDefined": false
      }
    ],
    "isTemplate": false,
    "count": 0,
    "updated": 0
  },
  {
    "id": "17c4366d-f07a-4351-b680-92e40a8407f1",
    "data": [
      {
        "text": "Infos sur  ",
        "userDefined": false
      },
      {
        "text": "Harden",
        "alias": "players",
        "meta": "@players",
        "userDefined": false
      }
    ],
    "isTemplate": false,
    "count": 0,
    "updated": 0
  }
]